model,MAE,RMSE,MAE_vs_naive_%
lightgbm,21.368291848487566,34.98081913897424,37.4
naive,34.14962448559671,53.98175143360491,0.0
seasonal_naive,45.248312757201646,70.72634113965663,-32.5
lago_naive,36.491934670781895,58.10433855571298,-6.9
